path,ground truth
Resolution_(Defocus_Blur)\FRGC_blur_db\blurred\02463d187.jpg,blurred
Resolution_(Defocus_Blur)\FRGC_blur_db\blurred\02463d228.jpg,blurred
Resolution_(Defocus_Blur)\FRGC_blur_db\blurred\02463d229.jpg,blurred
Resolution_(Defocus_Blur)\FRGC_blur_db\blurred\02463d248.jpg,blurred
Resolution_(Defocus_Blur)\FRGC_blur_db\blurred\02463d261.jpg,blurred
Resolution_(Defocus_Blur)\FRGC_blur_db\blurred\02463d262.jpg,blurred
Resolution_(Defocus_Blur)\FRGC_blur_db\blurred\02463d269.jpg,blurred
Resolution_(Defocus_Blur)\FRGC_blur_db\blurred\02463d289.jpg,blurred
Resolution_(Defocus_Blur)\FRGC_blur_db\blurred\02463d290.jpg,blurred
Resolution_(Defocus_Blur)\FRGC_blur_db\blurred\02463d302.jpg,blurred
Resolution_(Defocus_Blur)\FRGC_blur_db\blurred\02463d307.jpg,blurred
Resolution_(Defocus_Blur)\FRGC_blur_db\blurred\02463d498.jpg,blurred
Resolution_(Defocus_Blur)\FRGC_blur_db\blurred\02463d499.jpg,blurred
Resolution_(Defocus_Blur)\FRGC_blur_db\blurred\02463d516.jpg,blurred
Resolution_(Defocus_Blur)\FRGC_blur_db\blurred\02463d517.jpg,blurred
Resolution_(Defocus_Blur)\FRGC_blur_db\blurred\02463d522.jpg,blurred
Resolution_(Defocus_Blur)\FRGC_blur_db\blurred\02463d523.jpg,blurred
Resolution_(Defocus_Blur)\FRGC_blur_db\blurred\02463d564.jpg,blurred
Resolution_(Defocus_Blur)\FRGC_blur_db\blurred\04200d72.jpg,blurred
Resolution_(Defocus_Blur)\FRGC_blur_db\blurred\04200d73.jpg,blurred
Resolution_(Defocus_Blur)\FRGC_blur_db\blurred\04201d110.jpg,blurred
Resolution_(Defocus_Blur)\FRGC_blur_db\blurred\04201d111.jpg,blurred
Resolution_(Defocus_Blur)\FRGC_blur_db\blurred\04201d122.jpg,blurred
Resolution_(Defocus_Blur)\FRGC_blur_db\blurred\04201d130.jpg,blurred
Resolution_(Defocus_Blur)\FRGC_blur_db\blurred\04201d144.jpg,blurred
Resolution_(Defocus_Blur)\FRGC_blur_db\blurred\04201d145.jpg,blurred
Resolution_(Defocus_Blur)\FRGC_blur_db\blurred\04201d165.jpg,blurred
Resolution_(Defocus_Blur)\FRGC_blur_db\blurred\04201d166.jpg,blurred
Resolution_(Defocus_Blur)\FRGC_blur_db\blurred\04201d172.jpg,blurred
Resolution_(Defocus_Blur)\FRGC_blur_db\blurred\04201d177.jpg,blurred
Resolution_(Defocus_Blur)\FRGC_blur_db\blurred\04201d178.jpg,blurred
Resolution_(Defocus_Blur)\FRGC_blur_db\blurred\04201d183.jpg,blurred
Resolution_(Defocus_Blur)\FRGC_blur_db\blurred\04201d184.jpg,blurred
Resolution_(Defocus_Blur)\FRGC_blur_db\blurred\04201d189.jpg,blurred
Resolution_(Defocus_Blur)\FRGC_blur_db\blurred\04201d190.jpg,blurred
Resolution_(Defocus_Blur)\FRGC_blur_db\blurred\04201d320.jpg,blurred
Resolution_(Defocus_Blur)\FRGC_blur_db\blurred\04201d321.jpg,blurred
Resolution_(Defocus_Blur)\FRGC_blur_db\blurred\04201d326.jpg,blurred
Resolution_(Defocus_Blur)\FRGC_blur_db\blurred\04201d327.jpg,blurred
Resolution_(Defocus_Blur)\FRGC_blur_db\blurred\04201d332.jpg,blurred
Resolution_(Defocus_Blur)\FRGC_blur_db\blurred\04201d333.jpg,blurred
Resolution_(Defocus_Blur)\FRGC_blur_db\blurred\04202d112.jpg,blurred
Resolution_(Defocus_Blur)\FRGC_blur_db\blurred\04202d138.jpg,blurred
Resolution_(Defocus_Blur)\FRGC_blur_db\blurred\04202d145.jpg,blurred
Resolution_(Defocus_Blur)\FRGC_blur_db\blurred\04202d172.jpg,blurred
Resolution_(Defocus_Blur)\FRGC_blur_db\blurred\04202d173.jpg,blurred
Resolution_(Defocus_Blur)\FRGC_blur_db\blurred\04202d178.jpg,blurred
Resolution_(Defocus_Blur)\FRGC_blur_db\blurred\04202d179.jpg,blurred
Resolution_(Defocus_Blur)\FRGC_blur_db\blurred\04202d184.jpg,blurred
Resolution_(Defocus_Blur)\FRGC_blur_db\blurred\04202d196.jpg,blurred
Resolution_(Defocus_Blur)\FRGC_blur_db\blurred\04202d197.jpg,blurred
Resolution_(Defocus_Blur)\FRGC_blur_db\blurred\04202d202.jpg,blurred
Resolution_(Defocus_Blur)\FRGC_blur_db\blurred\04202d203.jpg,blurred
Resolution_(Defocus_Blur)\FRGC_blur_db\blurred\04202d366.jpg,blurred
Resolution_(Defocus_Blur)\FRGC_blur_db\blurred\04202d408.jpg,blurred
Resolution_(Defocus_Blur)\FRGC_blur_db\blurred\04202d415.jpg,blurred
Resolution_(Defocus_Blur)\FRGC_blur_db\blurred\04202d510.jpg,blurred
Resolution_(Defocus_Blur)\FRGC_blur_db\blurred\04202d546.jpg,blurred
Resolution_(Defocus_Blur)\FRGC_blur_db\blurred\04202d547.jpg,blurred
Resolution_(Defocus_Blur)\FRGC_blur_db\blurred\04202d95.jpg,blurred
Resolution_(Defocus_Blur)\FRGC_blur_db\blurred\04203d117.jpg,blurred
Resolution_(Defocus_Blur)\FRGC_blur_db\blurred\04203d125.jpg,blurred
Resolution_(Defocus_Blur)\FRGC_blur_db\blurred\04203d130.jpg,blurred
Resolution_(Defocus_Blur)\FRGC_blur_db\blurred\04203d137.jpg,blurred
Resolution_(Defocus_Blur)\FRGC_blur_db\blurred\04203d165.jpg,blurred
Resolution_(Defocus_Blur)\FRGC_blur_db\blurred\04203d166.jpg,blurred
Resolution_(Defocus_Blur)\FRGC_blur_db\blurred\04203d171.jpg,blurred
Resolution_(Defocus_Blur)\FRGC_blur_db\blurred\04203d172.jpg,blurred
Resolution_(Defocus_Blur)\FRGC_blur_db\blurred\04203d177.jpg,blurred
Resolution_(Defocus_Blur)\FRGC_blur_db\blurred\04203d178.jpg,blurred
Resolution_(Defocus_Blur)\FRGC_blur_db\blurred\04203d190.jpg,blurred
Resolution_(Defocus_Blur)\FRGC_blur_db\blurred\04203d195.jpg,blurred
Resolution_(Defocus_Blur)\FRGC_blur_db\blurred\04203d196.jpg,blurred
Resolution_(Defocus_Blur)\FRGC_blur_db\blurred\04203d201.jpg,blurred
Resolution_(Defocus_Blur)\FRGC_blur_db\blurred\04203d202.jpg,blurred
Resolution_(Defocus_Blur)\FRGC_blur_db\blurred\04203d207.jpg,blurred
Resolution_(Defocus_Blur)\FRGC_blur_db\blurred\04203d213.jpg,blurred
Resolution_(Defocus_Blur)\FRGC_blur_db\blurred\04203d214.jpg,blurred
Resolution_(Defocus_Blur)\FRGC_blur_db\blurred\04203d389.jpg,blurred
Resolution_(Defocus_Blur)\FRGC_blur_db\blurred\04203d407.jpg,blurred
Resolution_(Defocus_Blur)\FRGC_blur_db\blurred\04203d413.jpg,blurred
Resolution_(Defocus_Blur)\FRGC_blur_db\blurred\04207d104.jpg,blurred
Resolution_(Defocus_Blur)\FRGC_blur_db\blurred\04207d105.jpg,blurred
Resolution_(Defocus_Blur)\FRGC_blur_db\blurred\04207d110.JPG,blurred
Resolution_(Defocus_Blur)\FRGC_blur_db\blurred\04207d111.jpg,blurred
Resolution_(Defocus_Blur)\FRGC_blur_db\blurred\04207d116.jpg,blurred
Resolution_(Defocus_Blur)\FRGC_blur_db\blurred\04207d117.jpg,blurred
Resolution_(Defocus_Blur)\FRGC_blur_db\blurred\04207d123.jpg,blurred
Resolution_(Defocus_Blur)\FRGC_blur_db\blurred\04207d99.jpg,blurred
Resolution_(Defocus_Blur)\FRGC_blur_db\blurred\04211d116.jpg,blurred
Resolution_(Defocus_Blur)\FRGC_blur_db\blurred\04211d128.jpg,blurred
Resolution_(Defocus_Blur)\FRGC_blur_db\blurred\04211d129.jpg,blurred
Resolution_(Defocus_Blur)\FRGC_blur_db\blurred\04211d136.jpg,blurred
Resolution_(Defocus_Blur)\FRGC_blur_db\blurred\04211d137.jpg,blurred
Resolution_(Defocus_Blur)\FRGC_blur_db\blurred\04211d144.jpg,blurred
Resolution_(Defocus_Blur)\FRGC_blur_db\blurred\04211d150.jpg,blurred
Resolution_(Defocus_Blur)\FRGC_blur_db\blurred\04211d164.jpg,blurred
Resolution_(Defocus_Blur)\FRGC_blur_db\blurred\04211d165.jpg,blurred
Resolution_(Defocus_Blur)\FRGC_blur_db\blurred\04211d176.jpg,blurred
Resolution_(Defocus_Blur)\FRGC_blur_db\blurred\04211d177.jpg,blurred
Resolution_(Defocus_Blur)\FRGC_blur_db\blurred\04211d182.jpg,blurred
Resolution_(Defocus_Blur)\FRGC_blur_db\blurred\04211d183.jpg,blurred
Resolution_(Defocus_Blur)\FRGC_blur_db\blurred\04211d188.jpg,blurred
Resolution_(Defocus_Blur)\FRGC_blur_db\blurred\04211d189.jpg,blurred
Resolution_(Defocus_Blur)\FRGC_blur_db\blurred\04211d195.jpg,blurred
Resolution_(Defocus_Blur)\FRGC_blur_db\blurred\04211d201.jpg,blurred
Resolution_(Defocus_Blur)\FRGC_blur_db\blurred\04212d110.JPG,blurred
Resolution_(Defocus_Blur)\FRGC_blur_db\blurred\04212d111.jpg,blurred
Resolution_(Defocus_Blur)\FRGC_blur_db\blurred\04212d130.jpg,blurred
Resolution_(Defocus_Blur)\FRGC_blur_db\blurred\04212d143.jpg,blurred
Resolution_(Defocus_Blur)\FRGC_blur_db\blurred\04212d202.jpg,blurred
Resolution_(Defocus_Blur)\FRGC_blur_db\blurred\04212d207.jpg,blurred
Resolution_(Defocus_Blur)\FRGC_blur_db\blurred\04212d214.jpg,blurred
Resolution_(Defocus_Blur)\FRGC_blur_db\blurred\04213d100.jpg,blurred
Resolution_(Defocus_Blur)\FRGC_blur_db\blurred\04213d108.jpg,blurred
Resolution_(Defocus_Blur)\FRGC_blur_db\blurred\04213d121.jpg,blurred
Resolution_(Defocus_Blur)\FRGC_blur_db\blurred\04213d127.jpg,blurred
Resolution_(Defocus_Blur)\FRGC_blur_db\blurred\04213d128.jpg,blurred
Resolution_(Defocus_Blur)\FRGC_blur_db\blurred\04213d134.jpg,blurred
Resolution_(Defocus_Blur)\FRGC_blur_db\blurred\04213d140.jpg,blurred
Resolution_(Defocus_Blur)\FRGC_blur_db\blurred\04213d151.jpg,blurred
Resolution_(Defocus_Blur)\FRGC_blur_db\blurred\04213d246.jpg,blurred
Resolution_(Defocus_Blur)\FRGC_blur_db\blurred\04213d74.jpg,blurred
Resolution_(Defocus_Blur)\FRGC_blur_db\blurred\04213d75.jpg,blurred
Resolution_(Defocus_Blur)\FRGC_blur_db\blurred\04213d80.jpg,blurred
Resolution_(Defocus_Blur)\FRGC_blur_db\blurred\04213d87.jpg,blurred
Resolution_(Defocus_Blur)\FRGC_blur_db\blurred\04213d92.jpg,blurred
Resolution_(Defocus_Blur)\FRGC_blur_db\blurred\04213d93.jpg,blurred
Resolution_(Defocus_Blur)\FRGC_blur_db\blurred\04213d94.jpg,blurred
Resolution_(Defocus_Blur)\FRGC_blur_db\blurred\04213d95.jpg,blurred
Resolution_(Defocus_Blur)\FRGC_blur_db\blurred\04217d105.jpg,blurred
Resolution_(Defocus_Blur)\FRGC_blur_db\blurred\04217d116.jpg,blurred
Resolution_(Defocus_Blur)\FRGC_blur_db\blurred\04217d150.jpg,blurred
Resolution_(Defocus_Blur)\FRGC_blur_db\blurred\04217d151.jpg,blurred
Resolution_(Defocus_Blur)\FRGC_blur_db\blurred\04217d153.jpg,blurred
Resolution_(Defocus_Blur)\FRGC_blur_db\blurred\04217d182.jpg,blurred
Resolution_(Defocus_Blur)\FRGC_blur_db\blurred\04217d183.jpg,blurred
Resolution_(Defocus_Blur)\FRGC_blur_db\blurred\04217d188.jpg,blurred
Resolution_(Defocus_Blur)\FRGC_blur_db\blurred\04217d189.jpg,blurred
Resolution_(Defocus_Blur)\FRGC_blur_db\blurred\04217d194.jpg,blurred
Resolution_(Defocus_Blur)\FRGC_blur_db\blurred\04217d195.jpg,blurred
Resolution_(Defocus_Blur)\FRGC_blur_db\blurred\04217d200.jpg,blurred
Resolution_(Defocus_Blur)\FRGC_blur_db\blurred\04217d206.jpg,blurred
Resolution_(Defocus_Blur)\FRGC_blur_db\blurred\04217d339.jpg,blurred
Resolution_(Defocus_Blur)\FRGC_blur_db\blurred\04217d345.jpg,blurred
Resolution_(Defocus_Blur)\FRGC_blur_db\blurred\04217d346.jpg,blurred
Resolution_(Defocus_Blur)\FRGC_blur_db\blurred\04217d364.jpg,blurred
Resolution_(Defocus_Blur)\FRGC_blur_db\blurred\04217d375.jpg,blurred
Resolution_(Defocus_Blur)\FRGC_blur_db\blurred\04217d381.jpg,blurred
Resolution_(Defocus_Blur)\FRGC_blur_db\blurred\04217d417.jpg,blurred
Resolution_(Defocus_Blur)\FRGC_blur_db\blurred\04217d420.jpg,blurred
Resolution_(Defocus_Blur)\FRGC_blur_db\blurred\04219d188.jpg,blurred
Resolution_(Defocus_Blur)\FRGC_blur_db\blurred\04219d194.jpg,blurred
Resolution_(Defocus_Blur)\FRGC_blur_db\blurred\04219d213.jpg,blurred
Resolution_(Defocus_Blur)\FRGC_blur_db\blurred\04221d363.jpg,blurred
Resolution_(Defocus_Blur)\FRGC_blur_db\blurred\04222d198.jpg,blurred
Resolution_(Defocus_Blur)\FRGC_blur_db\blurred\04225d262.jpg,blurred
Resolution_(Defocus_Blur)\FRGC_blur_db\blurred\04226d345.jpg,blurred
Resolution_(Defocus_Blur)\FRGC_blur_db\blurred\04227d92.JPG,blurred
Resolution_(Defocus_Blur)\FRGC_blur_db\blurred\04228d185.jpg,blurred
Resolution_(Defocus_Blur)\FRGC_blur_db\blurred\04229d221.jpg,blurred
Resolution_(Defocus_Blur)\FRGC_blur_db\blurred\04233d367.jpg,blurred
Resolution_(Defocus_Blur)\FRGC_blur_db\blurred\04239d148.jpg,blurred
Resolution_(Defocus_Blur)\FRGC_blur_db\blurred\04243d130.jpg,blurred
Resolution_(Defocus_Blur)\FRGC_blur_db\blurred\04252d71.jpg,blurred
Resolution_(Defocus_Blur)\FRGC_blur_db\blurred\04261d156.jpg,blurred
Resolution_(Defocus_Blur)\FRGC_blur_db\blurred\04265d129.jpg,blurred
Resolution_(Defocus_Blur)\FRGC_blur_db\blurred\04267d74.jpg,blurred
Resolution_(Defocus_Blur)\FRGC_blur_db\blurred\04273d217.jpg,blurred
Resolution_(Defocus_Blur)\FRGC_blur_db\blurred\04274d95.jpg,blurred
Resolution_(Defocus_Blur)\FRGC_blur_db\blurred\04279d71.JPG,blurred
Resolution_(Defocus_Blur)\FRGC_blur_db\blurred\04282d57.JPG,blurred
Resolution_(Defocus_Blur)\FRGC_blur_db\blurred\04286d63.jpg,blurred
Resolution_(Defocus_Blur)\FRGC_blur_db\blurred\04287d10.jpg,blurred
Resolution_(Defocus_Blur)\FRGC_blur_db\blurred\04288d82.jpg,blurred
Resolution_(Defocus_Blur)\FRGC_blur_db\blurred\04295d47.JPG,blurred
Resolution_(Defocus_Blur)\FRGC_blur_db\blurred\04297d41.JPG,blurred
Resolution_(Defocus_Blur)\FRGC_blur_db\blurred\04299d41.JPG,blurred
Resolution_(Defocus_Blur)\FRGC_blur_db\blurred\04300d32.JPG,blurred
Resolution_(Defocus_Blur)\FRGC_blur_db\blurred\04301d08.JPG,blurred
Resolution_(Defocus_Blur)\FRGC_blur_db\blurred\04302d69.jpg,blurred
Resolution_(Defocus_Blur)\FRGC_blur_db\blurred\04305d67.JPG,blurred
Resolution_(Defocus_Blur)\FRGC_blur_db\blurred\04308d33.jpg,blurred
Resolution_(Defocus_Blur)\FRGC_blur_db\blurred\04309d57.jpg,blurred
Resolution_(Defocus_Blur)\FRGC_blur_db\blurred\04311d75.jpg,blurred
Resolution_(Defocus_Blur)\FRGC_blur_db\blurred\04312d78.jpg,blurred
Resolution_(Defocus_Blur)\FRGC_blur_db\blurred\04315d93.jpg,blurred
Resolution_(Defocus_Blur)\FRGC_blur_db\blurred\04316d34.JPG,blurred
Resolution_(Defocus_Blur)\FRGC_blur_db\blurred\04317d42.jpg,blurred
Resolution_(Defocus_Blur)\FRGC_blur_db\blurred\04319d127.jpg,blurred
Resolution_(Defocus_Blur)\FRGC_blur_db\blurred\04320d83.jpg,blurred
Resolution_(Defocus_Blur)\FRGC_blur_db\blurred\04321d66.jpg,blurred
Resolution_(Defocus_Blur)\FRGC_blur_db\blurred\04322d107.jpg,blurred
Resolution_(Defocus_Blur)\FRGC_blur_db\blurred\04323d05.JPG,blurred
Resolution_(Defocus_Blur)\FRGC_blur_db\blurred\04324d101.jpg,blurred
Resolution_(Defocus_Blur)\FRGC_blur_db\blurred\04326d38.JPG,blurred
Resolution_(Defocus_Blur)\FRGC_blur_db\blurred\04327d84.jpg,blurred
Resolution_(Defocus_Blur)\FRGC_blur_db\blurred\04329d71.jpg,blurred
Resolution_(Defocus_Blur)\FRGC_blur_db\blurred\04334d81.jpg,blurred
Resolution_(Defocus_Blur)\FRGC_blur_db\blurred\04335d56.JPG,blurred
Resolution_(Defocus_Blur)\FRGC_blur_db\blurred\04336d69.jpg,blurred
Resolution_(Defocus_Blur)\FRGC_blur_db\blurred\04339d97.jpg,blurred
Resolution_(Defocus_Blur)\FRGC_blur_db\blurred\04341d19.JPG,blurred
Resolution_(Defocus_Blur)\FRGC_blur_db\blurred\04343d74.jpg,blurred
Resolution_(Defocus_Blur)\FRGC_blur_db\blurred\04344d233.jpg,blurred
Resolution_(Defocus_Blur)\FRGC_blur_db\blurred\04347d120.jpg,blurred
Resolution_(Defocus_Blur)\FRGC_blur_db\blurred\04349d124.jpg,blurred
Resolution_(Defocus_Blur)\FRGC_blur_db\blurred\04350d112.jpg,blurred
Resolution_(Defocus_Blur)\FRGC_blur_db\blurred\04352d41.jpg,blurred
Resolution_(Defocus_Blur)\FRGC_blur_db\blurred\04358d86.jpg,blurred
Resolution_(Defocus_Blur)\FRGC_blur_db\blurred\04360d92.jpg,blurred
Resolution_(Defocus_Blur)\FRGC_blur_db\blurred\04361d27.JPG,blurred
Resolution_(Defocus_Blur)\FRGC_blur_db\blurred\04365d130.jpg,blurred
Resolution_(Defocus_Blur)\FRGC_blur_db\blurred\04366d35.JPG,blurred
Resolution_(Defocus_Blur)\FRGC_blur_db\blurred\04367d23.JPG,blurred
Resolution_(Defocus_Blur)\FRGC_blur_db\blurred\04368d54.jpg,blurred
Resolution_(Defocus_Blur)\FRGC_blur_db\blurred\04369d83.jpg,blurred
Resolution_(Defocus_Blur)\FRGC_blur_db\blurred\04370d40.jpg,blurred
Resolution_(Defocus_Blur)\FRGC_blur_db\blurred\04371d28.JPG,blurred
Resolution_(Defocus_Blur)\FRGC_blur_db\blurred\04372d106.jpg,blurred
Resolution_(Defocus_Blur)\FRGC_blur_db\blurred\04373d07.jpg,blurred
Resolution_(Defocus_Blur)\FRGC_blur_db\blurred\04374d84.jpg,blurred
Resolution_(Defocus_Blur)\FRGC_blur_db\blurred\04376d34.JPG,blurred
Resolution_(Defocus_Blur)\FRGC_blur_db\blurred\04378d155.jpg,blurred
Resolution_(Defocus_Blur)\FRGC_blur_db\blurred\04379d100.jpg,blurred
Resolution_(Defocus_Blur)\FRGC_blur_db\blurred\04380d105.jpg,blurred
Resolution_(Defocus_Blur)\FRGC_blur_db\blurred\04381d59.JPG,blurred
Resolution_(Defocus_Blur)\FRGC_blur_db\blurred\04382d146.jpg,blurred
Resolution_(Defocus_Blur)\FRGC_blur_db\blurred\04385d154.jpg,blurred
Resolution_(Defocus_Blur)\FRGC_blur_db\blurred\04386d66.jpg,blurred
Resolution_(Defocus_Blur)\FRGC_blur_db\blurred\04387d119.jpg,blurred
Resolution_(Defocus_Blur)\FRGC_blur_db\blurred\04388d09.JPG,blurred
Resolution_(Defocus_Blur)\FRGC_blur_db\blurred\04392d93.jpg,blurred
Resolution_(Defocus_Blur)\FRGC_blur_db\blurred\04394d137.jpg,blurred
Resolution_(Defocus_Blur)\FRGC_blur_db\blurred\04397d120.jpg,blurred
Resolution_(Defocus_Blur)\FRGC_blur_db\blurred\04402d47.JPG,blurred
Resolution_(Defocus_Blur)\FRGC_blur_db\blurred\04404d29.JPG,blurred
Resolution_(Defocus_Blur)\FRGC_blur_db\blurred\04407d82.jpg,blurred
Resolution_(Defocus_Blur)\FRGC_blur_db\blurred\04408d113.jpg,blurred
Resolution_(Defocus_Blur)\FRGC_blur_db\blurred\04409d145.jpg,blurred
Resolution_(Defocus_Blur)\FRGC_blur_db\blurred\04412d40.JPG,blurred
Resolution_(Defocus_Blur)\FRGC_blur_db\blurred\04414d79.jpg,blurred
Resolution_(Defocus_Blur)\FRGC_blur_db\blurred\04434d135.jpg,blurred
Resolution_(Defocus_Blur)\FRGC_blur_db\blurred\04434d71.jpg,blurred
Resolution_(Defocus_Blur)\FRGC_blur_db\blurred\04434d72.jpg,blurred
Resolution_(Defocus_Blur)\FRGC_blur_db\blurred\04434d92.jpg,blurred
Resolution_(Defocus_Blur)\FRGC_blur_db\blurred\04435d125.jpg,blurred
Resolution_(Defocus_Blur)\FRGC_blur_db\blurred\04435d149.jpg,blurred
Resolution_(Defocus_Blur)\FRGC_blur_db\blurred\04435d154.jpg,blurred
Resolution_(Defocus_Blur)\FRGC_blur_db\blurred\04435d167.jpg,blurred
Resolution_(Defocus_Blur)\FRGC_blur_db\blurred\04435d52.jpg,blurred
Resolution_(Defocus_Blur)\FRGC_blur_db\blurred\04436d118.jpg,blurred
Resolution_(Defocus_Blur)\FRGC_blur_db\blurred\04436d254.jpg,blurred
Resolution_(Defocus_Blur)\FRGC_blur_db\blurred\04436d38.jpg,blurred
Resolution_(Defocus_Blur)\FRGC_blur_db\blurred\04436d58.jpg,blurred
Resolution_(Defocus_Blur)\FRGC_blur_db\blurred\04436d99.jpg,blurred
Resolution_(Defocus_Blur)\FRGC_blur_db\blurred\04437d11.jpg,blurred
Resolution_(Defocus_Blur)\FRGC_blur_db\blurred\04437d16.jpg,blurred
Resolution_(Defocus_Blur)\FRGC_blur_db\blurred\04437d18.jpg,blurred
Resolution_(Defocus_Blur)\FRGC_blur_db\blurred\04437d32.jpg,blurred
Resolution_(Defocus_Blur)\FRGC_blur_db\blurred\04442d28.jpg,blurred
Resolution_(Defocus_Blur)\FRGC_blur_db\blurred\04442d58.jpg,blurred
Resolution_(Defocus_Blur)\FRGC_blur_db\blurred\04442d92.jpg,blurred
Resolution_(Defocus_Blur)\FRGC_blur_db\blurred\04444d101.jpg,blurred
Resolution_(Defocus_Blur)\FRGC_blur_db\blurred\04444d188.jpg,blurred
Resolution_(Defocus_Blur)\FRGC_blur_db\blurred\04444d22.jpg,blurred
Resolution_(Defocus_Blur)\FRGC_blur_db\blurred\04444d50.jpg,blurred
Resolution_(Defocus_Blur)\FRGC_blur_db\blurred\04444d71.jpg,blurred
Resolution_(Defocus_Blur)\FRGC_blur_db\blurred\04444d90.jpg,blurred
Resolution_(Defocus_Blur)\FRGC_blur_db\blurred\04446d101.jpg,blurred
Resolution_(Defocus_Blur)\FRGC_blur_db\blurred\04446d16.jpg,blurred
Resolution_(Defocus_Blur)\FRGC_blur_db\blurred\04446d17.jpg,blurred
Resolution_(Defocus_Blur)\FRGC_blur_db\blurred\04446d64.jpg,blurred
Resolution_(Defocus_Blur)\FRGC_blur_db\blurred\04446d65.jpg,blurred
Resolution_(Defocus_Blur)\FRGC_blur_db\blurred\04446d66.jpg,blurred
Resolution_(Defocus_Blur)\FRGC_blur_db\blurred\04446d67.jpg,blurred
Resolution_(Defocus_Blur)\FRGC_blur_db\blurred\04446d89.jpg,blurred
Resolution_(Defocus_Blur)\FRGC_blur_db\blurred\04446d95.jpg,blurred
Resolution_(Defocus_Blur)\FRGC_blur_db\blurred\04447d107.jpg,blurred
Resolution_(Defocus_Blur)\FRGC_blur_db\blurred\04579d143.jpg,blurred
Resolution_(Defocus_Blur)\FRGC_blur_db\sharp\02463d175.jpg,sharp
Resolution_(Defocus_Blur)\FRGC_blur_db\sharp\02463d185.jpg,sharp
Resolution_(Defocus_Blur)\FRGC_blur_db\sharp\02463d198.jpg,sharp
Resolution_(Defocus_Blur)\FRGC_blur_db\sharp\02463d238.jpg,sharp
Resolution_(Defocus_Blur)\FRGC_blur_db\sharp\02463d255.jpg,sharp
Resolution_(Defocus_Blur)\FRGC_blur_db\sharp\02463d256.jpg,sharp
Resolution_(Defocus_Blur)\FRGC_blur_db\sharp\02463d275.jpg,sharp
Resolution_(Defocus_Blur)\FRGC_blur_db\sharp\02463d305.jpg,sharp
Resolution_(Defocus_Blur)\FRGC_blur_db\sharp\02463d325.jpg,sharp
Resolution_(Defocus_Blur)\FRGC_blur_db\sharp\02463d468.jpg,sharp
Resolution_(Defocus_Blur)\FRGC_blur_db\sharp\02463d469.jpg,sharp
Resolution_(Defocus_Blur)\FRGC_blur_db\sharp\02463d493.jpg,sharp
Resolution_(Defocus_Blur)\FRGC_blur_db\sharp\02463d504.jpg,sharp
Resolution_(Defocus_Blur)\FRGC_blur_db\sharp\02463d505.jpg,sharp
Resolution_(Defocus_Blur)\FRGC_blur_db\sharp\04200d69.jpg,sharp
Resolution_(Defocus_Blur)\FRGC_blur_db\sharp\04201d133.jpg,sharp
Resolution_(Defocus_Blur)\FRGC_blur_db\sharp\04201d146.jpg,sharp
Resolution_(Defocus_Blur)\FRGC_blur_db\sharp\04201d151.jpg,sharp
Resolution_(Defocus_Blur)\FRGC_blur_db\sharp\04201d335.jpg,sharp
Resolution_(Defocus_Blur)\FRGC_blur_db\sharp\04201d384.jpg,sharp
Resolution_(Defocus_Blur)\FRGC_blur_db\sharp\04201d423.jpg,sharp
Resolution_(Defocus_Blur)\FRGC_blur_db\sharp\04201d52.jpg,sharp
Resolution_(Defocus_Blur)\FRGC_blur_db\sharp\04201d81.jpg,sharp
Resolution_(Defocus_Blur)\FRGC_blur_db\sharp\04202d120.jpg,sharp
Resolution_(Defocus_Blur)\FRGC_blur_db\sharp\04202d152.jpg,sharp
Resolution_(Defocus_Blur)\FRGC_blur_db\sharp\04202d156.jpg,sharp
Resolution_(Defocus_Blur)\FRGC_blur_db\sharp\04202d373.jpg,sharp
Resolution_(Defocus_Blur)\FRGC_blur_db\sharp\04202d58.jpg,sharp
Resolution_(Defocus_Blur)\FRGC_blur_db\sharp\04203d156.jpg,sharp
Resolution_(Defocus_Blur)\FRGC_blur_db\sharp\04203d162.jpg,sharp
Resolution_(Defocus_Blur)\FRGC_blur_db\sharp\04203d58.jpg,sharp
Resolution_(Defocus_Blur)\FRGC_blur_db\sharp\04207d70.jpg,sharp
Resolution_(Defocus_Blur)\FRGC_blur_db\sharp\04211d127.jpg,sharp
Resolution_(Defocus_Blur)\FRGC_blur_db\sharp\04211d138.jpg,sharp
Resolution_(Defocus_Blur)\FRGC_blur_db\sharp\04211d141.jpg,sharp
Resolution_(Defocus_Blur)\FRGC_blur_db\sharp\04211d158.jpg,sharp
Resolution_(Defocus_Blur)\FRGC_blur_db\sharp\04211d204.jpg,sharp
Resolution_(Defocus_Blur)\FRGC_blur_db\sharp\04211d212.jpg,sharp
Resolution_(Defocus_Blur)\FRGC_blur_db\sharp\04211d59.jpg,sharp
Resolution_(Defocus_Blur)\FRGC_blur_db\sharp\04211d63.jpg,sharp
Resolution_(Defocus_Blur)\FRGC_blur_db\sharp\04211d74.jpg,sharp
Resolution_(Defocus_Blur)\FRGC_blur_db\sharp\04212d146.jpg,sharp
Resolution_(Defocus_Blur)\FRGC_blur_db\sharp\04213d114.jpg,sharp
Resolution_(Defocus_Blur)\FRGC_blur_db\sharp\04213d115.jpg,sharp
Resolution_(Defocus_Blur)\FRGC_blur_db\sharp\04213d141.jpg,sharp
Resolution_(Defocus_Blur)\FRGC_blur_db\sharp\04213d142.jpg,sharp
Resolution_(Defocus_Blur)\FRGC_blur_db\sharp\04213d145.jpg,sharp
Resolution_(Defocus_Blur)\FRGC_blur_db\sharp\04213d146.jpg,sharp
Resolution_(Defocus_Blur)\FRGC_blur_db\sharp\04213d256.jpg,sharp
Resolution_(Defocus_Blur)\FRGC_blur_db\sharp\04213d257.jpg,sharp
Resolution_(Defocus_Blur)\FRGC_blur_db\sharp\04213d293.jpg,sharp
Resolution_(Defocus_Blur)\FRGC_blur_db\sharp\04213d70.jpg,sharp
Resolution_(Defocus_Blur)\FRGC_blur_db\sharp\04213d82.jpg,sharp
Resolution_(Defocus_Blur)\FRGC_blur_db\sharp\04214d152.jpg,sharp
Resolution_(Defocus_Blur)\FRGC_blur_db\sharp\04214d153.jpg,sharp
Resolution_(Defocus_Blur)\FRGC_blur_db\sharp\04214d156.jpg,sharp
Resolution_(Defocus_Blur)\FRGC_blur_db\sharp\04217d117.jpg,sharp
Resolution_(Defocus_Blur)\FRGC_blur_db\sharp\04217d128.jpg,sharp
Resolution_(Defocus_Blur)\FRGC_blur_db\sharp\04217d176.jpg,sharp
Resolution_(Defocus_Blur)\FRGC_blur_db\sharp\04217d213.jpg,sharp
Resolution_(Defocus_Blur)\FRGC_blur_db\sharp\04217d351.jpg,sharp
Resolution_(Defocus_Blur)\FRGC_blur_db\sharp\04217d353.jpg,sharp
Resolution_(Defocus_Blur)\FRGC_blur_db\sharp\04217d356.jpg,sharp
Resolution_(Defocus_Blur)\FRGC_blur_db\sharp\04217d358.jpg,sharp
Resolution_(Defocus_Blur)\FRGC_blur_db\sharp\04217d367.jpg,sharp
Resolution_(Defocus_Blur)\FRGC_blur_db\sharp\04217d374.jpg,sharp
Resolution_(Defocus_Blur)\FRGC_blur_db\sharp\04217d379.jpg,sharp
Resolution_(Defocus_Blur)\FRGC_blur_db\sharp\04217d59.jpg,sharp
Resolution_(Defocus_Blur)\FRGC_blur_db\sharp\04217d63.jpg,sharp
Resolution_(Defocus_Blur)\FRGC_blur_db\sharp\04415d16.JPG,sharp
Resolution_(Defocus_Blur)\FRGC_blur_db\sharp\04417d05.JPG,sharp
Resolution_(Defocus_Blur)\FRGC_blur_db\sharp\04418d47.JPG,sharp
Resolution_(Defocus_Blur)\FRGC_blur_db\sharp\04419d38.jpg,sharp
Resolution_(Defocus_Blur)\FRGC_blur_db\sharp\04422d77.jpg,sharp
Resolution_(Defocus_Blur)\FRGC_blur_db\sharp\04423d23.JPG,sharp
Resolution_(Defocus_Blur)\FRGC_blur_db\sharp\04424d22.JPG,sharp
Resolution_(Defocus_Blur)\FRGC_blur_db\sharp\04425d28.jpg,sharp
Resolution_(Defocus_Blur)\FRGC_blur_db\sharp\04427d22.JPG,sharp
Resolution_(Defocus_Blur)\FRGC_blur_db\sharp\04428d72.jpg,sharp
Resolution_(Defocus_Blur)\FRGC_blur_db\sharp\04429d16.JPG,sharp
Resolution_(Defocus_Blur)\FRGC_blur_db\sharp\04430d21.JPG,sharp
Resolution_(Defocus_Blur)\FRGC_blur_db\sharp\04430d299.jpg,sharp
Resolution_(Defocus_Blur)\FRGC_blur_db\sharp\04431d34.JPG,sharp
Resolution_(Defocus_Blur)\FRGC_blur_db\sharp\04432d71.jpg,sharp
Resolution_(Defocus_Blur)\FRGC_blur_db\sharp\04433d150.jpg,sharp
Resolution_(Defocus_Blur)\FRGC_blur_db\sharp\04434d140.jpg,sharp
Resolution_(Defocus_Blur)\FRGC_blur_db\sharp\04434d153.jpg,sharp
Resolution_(Defocus_Blur)\FRGC_blur_db\sharp\04434d33.JPG,sharp
Resolution_(Defocus_Blur)\FRGC_blur_db\sharp\04434d66.jpg,sharp
Resolution_(Defocus_Blur)\FRGC_blur_db\sharp\04434d68.jpg,sharp
Resolution_(Defocus_Blur)\FRGC_blur_db\sharp\04435d05.jpg,sharp
Resolution_(Defocus_Blur)\FRGC_blur_db\sharp\04435d278.jpg,sharp
Resolution_(Defocus_Blur)\FRGC_blur_db\sharp\04435d279.jpg,sharp
Resolution_(Defocus_Blur)\FRGC_blur_db\sharp\04435d282.jpg,sharp
Resolution_(Defocus_Blur)\FRGC_blur_db\sharp\04435d290.jpg,sharp
Resolution_(Defocus_Blur)\FRGC_blur_db\sharp\04435d291.jpg,sharp
Resolution_(Defocus_Blur)\FRGC_blur_db\sharp\04435d36.jpg,sharp
Resolution_(Defocus_Blur)\FRGC_blur_db\sharp\04435d59.jpg,sharp
Resolution_(Defocus_Blur)\FRGC_blur_db\sharp\04436d00.jpg,sharp
Resolution_(Defocus_Blur)\FRGC_blur_db\sharp\04436d04.jpg,sharp
Resolution_(Defocus_Blur)\FRGC_blur_db\sharp\04436d23.JPG,sharp
Resolution_(Defocus_Blur)\FRGC_blur_db\sharp\04436d237.jpg,sharp
Resolution_(Defocus_Blur)\FRGC_blur_db\sharp\04436d238.jpg,sharp
Resolution_(Defocus_Blur)\FRGC_blur_db\sharp\04436d261.jpg,sharp
Resolution_(Defocus_Blur)\FRGC_blur_db\sharp\04436d267.jpg,sharp
Resolution_(Defocus_Blur)\FRGC_blur_db\sharp\04436d309.jpg,sharp
Resolution_(Defocus_Blur)\FRGC_blur_db\sharp\04436d315.jpg,sharp
Resolution_(Defocus_Blur)\FRGC_blur_db\sharp\04436d330.jpg,sharp
Resolution_(Defocus_Blur)\FRGC_blur_db\sharp\04436d34.jpg,sharp
Resolution_(Defocus_Blur)\FRGC_blur_db\sharp\04436d356.jpg,sharp
Resolution_(Defocus_Blur)\FRGC_blur_db\sharp\04437d05.jpg,sharp
Resolution_(Defocus_Blur)\FRGC_blur_db\sharp\04437d20.jpg,sharp
Resolution_(Defocus_Blur)\FRGC_blur_db\sharp\04437d29.jpg,sharp
Resolution_(Defocus_Blur)\FRGC_blur_db\sharp\04437d39.jpg,sharp
Resolution_(Defocus_Blur)\FRGC_blur_db\sharp\04437d43.jpg,sharp
Resolution_(Defocus_Blur)\FRGC_blur_db\sharp\04437d96.jpg,sharp
Resolution_(Defocus_Blur)\FRGC_blur_db\sharp\04440d102.jpg,sharp
Resolution_(Defocus_Blur)\FRGC_blur_db\sharp\04440d122.jpg,sharp
Resolution_(Defocus_Blur)\FRGC_blur_db\sharp\04440d43.jpg,sharp
Resolution_(Defocus_Blur)\FRGC_blur_db\sharp\04440d44.jpg,sharp
Resolution_(Defocus_Blur)\FRGC_blur_db\sharp\04440d45.jpg,sharp
Resolution_(Defocus_Blur)\FRGC_blur_db\sharp\04440d51.jpg,sharp
Resolution_(Defocus_Blur)\FRGC_blur_db\sharp\04440d55.jpg,sharp
Resolution_(Defocus_Blur)\FRGC_blur_db\sharp\04440d92.jpg,sharp
Resolution_(Defocus_Blur)\FRGC_blur_db\sharp\04440d94.jpg,sharp
Resolution_(Defocus_Blur)\FRGC_blur_db\sharp\04442d00.jpg,sharp
Resolution_(Defocus_Blur)\FRGC_blur_db\sharp\04442d105.jpg,sharp
Resolution_(Defocus_Blur)\FRGC_blur_db\sharp\04442d16.jpg,sharp
Resolution_(Defocus_Blur)\FRGC_blur_db\sharp\04442d25.jpg,sharp
Resolution_(Defocus_Blur)\FRGC_blur_db\sharp\04442d70.jpg,sharp
Resolution_(Defocus_Blur)\FRGC_blur_db\sharp\04442d88.jpg,sharp
Resolution_(Defocus_Blur)\FRGC_blur_db\sharp\04444d06.jpg,sharp
Resolution_(Defocus_Blur)\FRGC_blur_db\sharp\04444d10.jpg,sharp
Resolution_(Defocus_Blur)\FRGC_blur_db\sharp\04444d102.jpg,sharp
Resolution_(Defocus_Blur)\FRGC_blur_db\sharp\04444d11.JPG,sharp
Resolution_(Defocus_Blur)\FRGC_blur_db\sharp\04444d15.jpg,sharp
Resolution_(Defocus_Blur)\FRGC_blur_db\sharp\04444d16.jpg,sharp
Resolution_(Defocus_Blur)\FRGC_blur_db\sharp\04444d18.jpg,sharp
Resolution_(Defocus_Blur)\FRGC_blur_db\sharp\04444d211.jpg,sharp
Resolution_(Defocus_Blur)\FRGC_blur_db\sharp\04444d216.jpg,sharp
Resolution_(Defocus_Blur)\FRGC_blur_db\sharp\04444d232.jpg,sharp
Resolution_(Defocus_Blur)\FRGC_blur_db\sharp\04444d241.jpg,sharp
Resolution_(Defocus_Blur)\FRGC_blur_db\sharp\04444d26.jpg,sharp
Resolution_(Defocus_Blur)\FRGC_blur_db\sharp\04444d39.jpg,sharp
Resolution_(Defocus_Blur)\FRGC_blur_db\sharp\04444d41.jpg,sharp
Resolution_(Defocus_Blur)\FRGC_blur_db\sharp\04444d59.jpg,sharp
Resolution_(Defocus_Blur)\FRGC_blur_db\sharp\04444d66.jpg,sharp
Resolution_(Defocus_Blur)\FRGC_blur_db\sharp\04446d00.jpg,sharp
Resolution_(Defocus_Blur)\FRGC_blur_db\sharp\04446d01.jpg,sharp
Resolution_(Defocus_Blur)\FRGC_blur_db\sharp\04446d05.JPG,sharp
Resolution_(Defocus_Blur)\FRGC_blur_db\sharp\04446d118.jpg,sharp
Resolution_(Defocus_Blur)\FRGC_blur_db\sharp\04446d14.jpg,sharp
Resolution_(Defocus_Blur)\FRGC_blur_db\sharp\04446d203.jpg,sharp
Resolution_(Defocus_Blur)\FRGC_blur_db\sharp\04446d204.jpg,sharp
Resolution_(Defocus_Blur)\FRGC_blur_db\sharp\04446d210.jpg,sharp
Resolution_(Defocus_Blur)\FRGC_blur_db\sharp\04446d225.jpg,sharp
Resolution_(Defocus_Blur)\FRGC_blur_db\sharp\04446d227.jpg,sharp
Resolution_(Defocus_Blur)\FRGC_blur_db\sharp\04446d228.jpg,sharp
Resolution_(Defocus_Blur)\FRGC_blur_db\sharp\04446d24.jpg,sharp
Resolution_(Defocus_Blur)\FRGC_blur_db\sharp\04446d251.jpg,sharp
Resolution_(Defocus_Blur)\FRGC_blur_db\sharp\04446d272.jpg,sharp
Resolution_(Defocus_Blur)\FRGC_blur_db\sharp\04446d276.jpg,sharp
Resolution_(Defocus_Blur)\FRGC_blur_db\sharp\04446d278.jpg,sharp
Resolution_(Defocus_Blur)\FRGC_blur_db\sharp\04446d282.jpg,sharp
Resolution_(Defocus_Blur)\FRGC_blur_db\sharp\04446d305.jpg,sharp
Resolution_(Defocus_Blur)\FRGC_blur_db\sharp\04446d311.jpg,sharp
Resolution_(Defocus_Blur)\FRGC_blur_db\sharp\04446d329.jpg,sharp
Resolution_(Defocus_Blur)\FRGC_blur_db\sharp\04446d332.jpg,sharp
Resolution_(Defocus_Blur)\FRGC_blur_db\sharp\04446d38.jpg,sharp
Resolution_(Defocus_Blur)\FRGC_blur_db\sharp\04446d384.jpg,sharp
Resolution_(Defocus_Blur)\FRGC_blur_db\sharp\04446d388.jpg,sharp
Resolution_(Defocus_Blur)\FRGC_blur_db\sharp\04446d52.jpg,sharp
Resolution_(Defocus_Blur)\FRGC_blur_db\sharp\04446d53.jpg,sharp
Resolution_(Defocus_Blur)\FRGC_blur_db\sharp\04446d57.jpg,sharp
Resolution_(Defocus_Blur)\FRGC_blur_db\sharp\04446d69.jpg,sharp
Resolution_(Defocus_Blur)\FRGC_blur_db\sharp\04446d71.jpg,sharp
Resolution_(Defocus_Blur)\FRGC_blur_db\sharp\04446d97.jpg,sharp
Resolution_(Defocus_Blur)\FRGC_blur_db\sharp\04447d101.jpg,sharp
Resolution_(Defocus_Blur)\FRGC_blur_db\sharp\04447d128.jpg,sharp
Resolution_(Defocus_Blur)\FRGC_blur_db\sharp\04447d139.jpg,sharp
Resolution_(Defocus_Blur)\FRGC_blur_db\sharp\04447d143.jpg,sharp
Resolution_(Defocus_Blur)\FRGC_blur_db\sharp\04447d155.jpg,sharp
Resolution_(Defocus_Blur)\FRGC_blur_db\sharp\04447d160.jpg,sharp
Resolution_(Defocus_Blur)\FRGC_blur_db\sharp\04447d95.jpg,sharp
Resolution_(Defocus_Blur)\FRGC_blur_db\sharp\04448d28.jpg,sharp
Resolution_(Defocus_Blur)\FRGC_blur_db\sharp\04449d01.jpg,sharp
Resolution_(Defocus_Blur)\FRGC_blur_db\sharp\04449d04.jpg,sharp
Resolution_(Defocus_Blur)\FRGC_blur_db\sharp\04449d22.JPG,sharp
Resolution_(Defocus_Blur)\FRGC_blur_db\sharp\04449d23.jpg,sharp
Resolution_(Defocus_Blur)\FRGC_blur_db\sharp\04450d31.jpg,sharp
Resolution_(Defocus_Blur)\FRGC_blur_db\sharp\04451d279.jpg,sharp
Resolution_(Defocus_Blur)\FRGC_blur_db\sharp\04453d261.jpg,sharp
Resolution_(Defocus_Blur)\FRGC_blur_db\sharp\04454d57.jpg,sharp
Resolution_(Defocus_Blur)\FRGC_blur_db\sharp\04456d25.JPG,sharp
Resolution_(Defocus_Blur)\FRGC_blur_db\sharp\04460d28.JPG,sharp
Resolution_(Defocus_Blur)\FRGC_blur_db\sharp\04461d04.JPG,sharp
Resolution_(Defocus_Blur)\FRGC_blur_db\sharp\04463d34.JPG,sharp
Resolution_(Defocus_Blur)\FRGC_blur_db\sharp\04464d34.jpg,sharp
Resolution_(Defocus_Blur)\FRGC_blur_db\sharp\04467d04.JPG,sharp
Resolution_(Defocus_Blur)\FRGC_blur_db\sharp\04470d236.jpg,sharp
Resolution_(Defocus_Blur)\FRGC_blur_db\sharp\04471d47.JPG,sharp
Resolution_(Defocus_Blur)\FRGC_blur_db\sharp\04472d11.JPG,sharp
Resolution_(Defocus_Blur)\FRGC_blur_db\sharp\04476d19.jpg,sharp
Resolution_(Defocus_Blur)\FRGC_blur_db\sharp\04477d68.jpg,sharp
Resolution_(Defocus_Blur)\FRGC_blur_db\sharp\04478d05.JPG,sharp
Resolution_(Defocus_Blur)\FRGC_blur_db\sharp\04479d05.JPG,sharp
Resolution_(Defocus_Blur)\FRGC_blur_db\sharp\04481d05.JPG,sharp
Resolution_(Defocus_Blur)\FRGC_blur_db\sharp\04482d257.jpg,sharp
Resolution_(Defocus_Blur)\FRGC_blur_db\sharp\04484d05.JPG,sharp
Resolution_(Defocus_Blur)\FRGC_blur_db\sharp\04485d56.jpg,sharp
Resolution_(Defocus_Blur)\FRGC_blur_db\sharp\04487d38.jpg,sharp
Resolution_(Defocus_Blur)\FRGC_blur_db\sharp\04488d216.jpg,sharp
Resolution_(Defocus_Blur)\FRGC_blur_db\sharp\04489d46.JPG,sharp
Resolution_(Defocus_Blur)\FRGC_blur_db\sharp\04493d45.jpg,sharp
Resolution_(Defocus_Blur)\FRGC_blur_db\sharp\04494d23.JPG,sharp
Resolution_(Defocus_Blur)\FRGC_blur_db\sharp\04494d83.jpg,sharp
Resolution_(Defocus_Blur)\FRGC_blur_db\sharp\04495d260.jpg,sharp
Resolution_(Defocus_Blur)\FRGC_blur_db\sharp\04500d15.JPG,sharp
Resolution_(Defocus_Blur)\FRGC_blur_db\sharp\04502d37.jpg,sharp
Resolution_(Defocus_Blur)\FRGC_blur_db\sharp\04503d39.jpg,sharp
Resolution_(Defocus_Blur)\FRGC_blur_db\sharp\04504d42.jpg,sharp
Resolution_(Defocus_Blur)\FRGC_blur_db\sharp\04505d23.JPG,sharp
Resolution_(Defocus_Blur)\FRGC_blur_db\sharp\04507d110.jpg,sharp
Resolution_(Defocus_Blur)\FRGC_blur_db\sharp\04508d62.jpg,sharp
Resolution_(Defocus_Blur)\FRGC_blur_db\sharp\04509d67.jpg,sharp
Resolution_(Defocus_Blur)\FRGC_blur_db\sharp\04511d157.jpg,sharp
Resolution_(Defocus_Blur)\FRGC_blur_db\sharp\04512d47.JPG,sharp
Resolution_(Defocus_Blur)\FRGC_blur_db\sharp\04513d22.JPG,sharp
Resolution_(Defocus_Blur)\FRGC_blur_db\sharp\04514d55.jpg,sharp
Resolution_(Defocus_Blur)\FRGC_blur_db\sharp\04519d225.jpg,sharp
Resolution_(Defocus_Blur)\FRGC_blur_db\sharp\04520d53.JPG,sharp
Resolution_(Defocus_Blur)\FRGC_blur_db\sharp\04522d74.JPG,sharp
Resolution_(Defocus_Blur)\FRGC_blur_db\sharp\04523d46.JPG,sharp
Resolution_(Defocus_Blur)\FRGC_blur_db\sharp\04524d17.JPG,sharp
Resolution_(Defocus_Blur)\FRGC_blur_db\sharp\04525d28.JPG,sharp
Resolution_(Defocus_Blur)\FRGC_blur_db\sharp\04527d10.JPG,sharp
Resolution_(Defocus_Blur)\FRGC_blur_db\sharp\04529d44.jpg,sharp
Resolution_(Defocus_Blur)\FRGC_blur_db\sharp\04530d05.JPG,sharp
Resolution_(Defocus_Blur)\FRGC_blur_db\sharp\04531d28.jpg,sharp
Resolution_(Defocus_Blur)\FRGC_blur_db\sharp\04533d66.jpg,sharp
Resolution_(Defocus_Blur)\FRGC_blur_db\sharp\04535d20.jpg,sharp
Resolution_(Defocus_Blur)\FRGC_blur_db\sharp\04537d71.jpg,sharp
Resolution_(Defocus_Blur)\FRGC_blur_db\sharp\04538d50.jpg,sharp
Resolution_(Defocus_Blur)\FRGC_blur_db\sharp\04539d81.jpg,sharp
Resolution_(Defocus_Blur)\FRGC_blur_db\sharp\04540d64.jpg,sharp
Resolution_(Defocus_Blur)\FRGC_blur_db\sharp\04542d76.jpg,sharp
Resolution_(Defocus_Blur)\FRGC_blur_db\sharp\04545d29.JPG,sharp
Resolution_(Defocus_Blur)\FRGC_blur_db\sharp\04546d54.jpg,sharp
Resolution_(Defocus_Blur)\FRGC_blur_db\sharp\04548d22.JPG,sharp
Resolution_(Defocus_Blur)\FRGC_blur_db\sharp\04551d05.JPG,sharp
Resolution_(Defocus_Blur)\FRGC_blur_db\sharp\04553d214.jpg,sharp
Resolution_(Defocus_Blur)\FRGC_blur_db\sharp\04556d17.JPG,sharp
Resolution_(Defocus_Blur)\FRGC_blur_db\sharp\04557d47.JPG,sharp
Resolution_(Defocus_Blur)\FRGC_blur_db\sharp\04558d52.JPG,sharp
Resolution_(Defocus_Blur)\FRGC_blur_db\sharp\04559d91.jpg,sharp
Resolution_(Defocus_Blur)\FRGC_blur_db\sharp\04560d37.jpg,sharp
Resolution_(Defocus_Blur)\FRGC_blur_db\sharp\04561d124.jpg,sharp
Resolution_(Defocus_Blur)\FRGC_blur_db\sharp\04563d28.JPG,sharp
Resolution_(Defocus_Blur)\FRGC_blur_db\sharp\04568d65.jpg,sharp
Resolution_(Defocus_Blur)\FRGC_blur_db\sharp\04569d48.jpg,sharp
Resolution_(Defocus_Blur)\FRGC_blur_db\sharp\04572d26.JPG,sharp
Resolution_(Defocus_Blur)\FRGC_blur_db\sharp\04573d22.JPG,sharp
